<LeibingerPrinterModel>
	<name>LEIBINGER</name>
	<ipAdress>192.168.1.11</ipAdress>
	<deviceId>1</deviceId>
	<udpPort>4321</udpPort>
	<tcpTimeout>5000</tcpTimeout>
	<tcpPort>3000</tcpPort>
	<tcpMaxExpiredRequests>3</tcpMaxExpiredRequests>
	<transitionMaxExpiredRequests>10</transitionMaxExpiredRequests>
	<resetOnStop>true</resetOnStop>
	<requestBufferStatusPeriod>500</requestBufferStatusPeriod>
	<requestMonitoringLowFrequency>86400000</requestMonitoringLowFrequency>
	<requestMonitoringMediumFrequency>3600000</requestMonitoringMediumFrequency>
	<requestMonitoringHighFrequency>300000</requestMonitoringHighFrequency>
	<requestStatusPeriod>500</requestStatusPeriod>
	<allowedInkTags>79000-*</allowedInkTags>
	<allowedSolventTags>77001-*</allowedSolventTags>
	<fontType>PIXEL_7x5</fontType>
	<nozzleMode>OPEN_AUTO_CLOSE_MANUAL</nozzleMode>
	<nozzleCloseDelayMs>1000</nozzleCloseDelayMs>
	<printerParameters class="com.sicpa.standard.printer.leibinger.model.LeibingerParameter">
		<codeType>DYNAMIC_DATAMATRIX</codeType>
		<dataMatrixFormat>DM8x18</dataMatrixFormat>
		<dataMatrixEncoding>ASCII</dataMatrixEncoding>
	</printerParameters>
	<wysiwyg>false</wysiwyg>
	<encoderResolution>22000</encoderResolution>
	<inverted>0</inverted>
	<rotation>0</rotation>
	<encoderSignal>3</encoderSignal>
	<printGoSignal>1</printGoSignal>
	<printHeight>95</printHeight>
	<flightTimeCompensationMicrometers>0</flightTimeCompensationMicrometers>
	<printMode>1</printMode>
	<strokeDistanceMicrometers>500</strokeDistanceMicrometers>
	<printGoDelayMicrometers>0</printGoDelayMicrometers>
	<printGoDistance>0</printGoDistance>
	<printGoRepetition>0</printGoRepetition>
</LeibingerPrinterModel>