<ProductionConfig activationBehavior="standardActivationBehavior" authenticatorMode="SCL">

	<!-- <PrinterConfig deviceType="DOMINO" id="domino_1" validatedBy="qc_scl_1" /> -->
	<PrinterConfig deviceType="LEIBINGER" id="leibinger_1" validatedBy="qc_scl_1" />

	<CameraConfig deviceType="COGNEX" id="qc_scl_1" />

	<!-- to use the brs uncomment the following -->
	<BrsConfig />

	<PlcConfig>
		<cabinet>
			<!-- variable not related to any line -->
			<!-- <property key="VAR_NAME" value="VALUE" /> -->
		</cabinet>
		<line index="1">
			<property key="PARAM_LINE_IS_ACTIVE" value="true" />
			<property key="PARAM_LINE_EXPORT_MODE_ENABLED" value="false" />
			<property key="PARAM_LINE_MAINTENANCE_MODE_ENABLED" value="false" />
			<property key="PARAM_LINE_REFEED_MODE_ENABLED" value="false" />
		</line>
		<line index="2">
			<property key="PARAM_LINE_IS_ACTIVE" value="false" />
		</line>
		<line index="3">
			<property key="PARAM_LINE_IS_ACTIVE" value="false" />
		</line>
	</PlcConfig>

</ProductionConfig>