<!-- PRODUCTION MODES: STANDARD = 1, EXPORT = 2, MAINTENANCE = 3, REFEED NORMAL = 5 -->
<CameraJobFilesConfig setCameraJob="false" useDefaultCameraJobFile="false">
  <CameraJobConfigNode>
    <productCameraJob productId="0">
      <cameraJobFile cameraJobFileName="StandardDMX.job"/>
    </productCameraJob>
    <children>
      <CameraJobConfigNode>
        <productCameraJob productId="1">
          <cameraJobFile cameraJobFileName="StandardDMX.job"/>
        </productCameraJob>
        <children/>
      </CameraJobConfigNode>
      <CameraJobConfigNode>
        <productCameraJob productId="2">
          <cameraJobFile cameraJobFileName="StandardDMX.job"/>
        </productCameraJob>
        <children/>
      </CameraJobConfigNode>
    </children>
  </CameraJobConfigNode>
  <CameraJobConfigNode>
    <productCameraJob productId="1">
      <cameraJobFile cameraJobFileName="StandardDMX.job"/>
    </productCameraJob>
    <children/>
  </CameraJobConfigNode>
  <CameraJobConfigNode>
    <productCameraJob productId="2">
      <cameraJobFile cameraJobFileName="StandardDMX.job"/>
    </productCameraJob>
    <children/>
  </CameraJobConfigNode>
  <defaultCameraJobFile cameraJobFileName="defaultCameraJob.job"/>
</CameraJobFilesConfig>
