<!-- ########################################################################### -->
<!--               BRS configuration file                                        -->
<!-- ########################################################################### -->

<com.sicpa.standard.sasscl.devices.brs.model.BrsModel>

    <id>1</id>
    <brsType>dataman</brsType>
    <ip1>192.168.1.31</ip1>
    <ip2>192.168.1.32</ip2>
<!--     <ip3>192.168.1.33</ip3> -->
<!--     <ip4>192.168.1.34</ip4> -->

    <port>23</port>

</com.sicpa.standard.sasscl.devices.brs.model.BrsModel>

